estimator,model,subset,feat_type,fold,best_score_inner,rf__max_depth,rf__max_features,rf__n_estimators,svc__C,svc__gamma,xgb__learning_rate,xgb__max_depth,xgb__n_estimators
rf,bis_quatro__A,bis_quatro,A,1,0.5776862026862027,10.0,sqrt,200.0,,,,,
rf,bis_quatro__A,bis_quatro,A,2,0.644403132633422,10.0,sqrt,200.0,,,,,
rf,bis_quatro__A,bis_quatro,A,3,0.5801691533398851,10.0,sqrt,200.0,,,,,
rf,bis_quatro__A,bis_quatro,A,4,0.6413553044296095,10.0,sqrt,200.0,,,,,
rf,bis_quatro__A,bis_quatro,A,5,0.5982854040142752,10.0,sqrt,200.0,,,,,
rf,bis_quatro__A,bis_quatro,A,6,0.5254990487548628,10.0,sqrt,200.0,,,,,
rf,bis_quatro__A,bis_quatro,A,7,0.581345310641964,10.0,sqrt,200.0,,,,,
rf,bis_quatro__A,bis_quatro,A,8,0.5429507783449927,10.0,sqrt,200.0,,,,,
rf,bis_quatro__A,bis_quatro,A,9,0.5676088737631563,10.0,sqrt,200.0,,,,,
rf,bis_quatro__A,bis_quatro,A,10,0.6247332739108122,10.0,sqrt,200.0,,,,,
rf,bis_quatro__B,bis_quatro,B,1,0.4942918192918193,10.0,sqrt,200.0,,,,,
rf,bis_quatro__B,bis_quatro,B,2,0.41248319651609505,10.0,sqrt,200.0,,,,,
rf,bis_quatro__B,bis_quatro,B,3,0.4696313171922928,10.0,sqrt,200.0,,,,,
rf,bis_quatro__B,bis_quatro,B,4,0.47584730766806765,10.0,sqrt,200.0,,,,,
rf,bis_quatro__B,bis_quatro,B,5,0.5073938792032949,10.0,sqrt,200.0,,,,,
rf,bis_quatro__B,bis_quatro,B,6,0.48966408268733846,10.0,sqrt,200.0,,,,,
rf,bis_quatro__B,bis_quatro,B,7,0.4765457646909717,10.0,sqrt,200.0,,,,,
rf,bis_quatro__B,bis_quatro,B,8,0.5016611295681063,10.0,sqrt,200.0,,,,,
rf,bis_quatro__B,bis_quatro,B,9,0.46991059611592795,10.0,sqrt,200.0,,,,,
rf,bis_quatro__B,bis_quatro,B,10,0.4482056199299535,10.0,sqrt,200.0,,,,,
rf,bis_quatro__C,bis_quatro,C,1,0.5533730158730159,10.0,sqrt,200.0,,,,,
rf,bis_quatro__C,bis_quatro,C,2,0.6360690894156579,10.0,sqrt,200.0,,,,,
rf,bis_quatro__C,bis_quatro,C,3,0.576327466571369,10.0,sqrt,200.0,,,,,
rf,bis_quatro__C,bis_quatro,C,4,0.6291705710310361,10.0,sqrt,200.0,,,,,
rf,bis_quatro__C,bis_quatro,C,5,0.6110626311987627,10.0,sqrt,200.0,,,,,
rf,bis_quatro__C,bis_quatro,C,6,0.5716498475999328,10.0,sqrt,200.0,,,,,
rf,bis_quatro__C,bis_quatro,C,7,0.5870243860884814,10.0,sqrt,200.0,,,,,
rf,bis_quatro__C,bis_quatro,C,8,0.5153575705192268,10.0,sqrt,200.0,,,,,
rf,bis_quatro__C,bis_quatro,C,9,0.5607100090934465,10.0,sqrt,200.0,,,,,
rf,bis_quatro__C,bis_quatro,C,10,0.6424182265078464,10.0,sqrt,200.0,,,,,
rf,both_lateral__A,both_lateral,A,1,0.6903388278388279,10.0,sqrt,200.0,,,,,
rf,both_lateral__A,both_lateral,A,2,0.7609150791226797,10.0,sqrt,200.0,,,,,
rf,both_lateral__A,both_lateral,A,3,0.7383260371065249,10.0,sqrt,200.0,,,,,
rf,both_lateral__A,both_lateral,A,4,0.7423097007612038,10.0,sqrt,200.0,,,,,
rf,both_lateral__A,both_lateral,A,5,0.7519009319916865,10.0,sqrt,200.0,,,,,
rf,both_lateral__A,both_lateral,A,6,0.6380799669228484,10.0,sqrt,200.0,,,,,
rf,both_lateral__A,both_lateral,A,7,0.6778402476076894,10.0,sqrt,200.0,,,,,
rf,both_lateral__A,both_lateral,A,8,0.6392670322052058,10.0,sqrt,200.0,,,,,
rf,both_lateral__A,both_lateral,A,9,0.6554349098308259,10.0,sqrt,200.0,,,,,
rf,both_lateral__A,both_lateral,A,10,0.7214726881488085,10.0,sqrt,200.0,,,,,
rf,both_lateral__B,both_lateral,B,1,0.45535714285714285,10.0,sqrt,200.0,,,,,
rf,both_lateral__B,both_lateral,B,2,0.43742593827676074,10.0,sqrt,200.0,,,,,
rf,both_lateral__B,both_lateral,B,3,0.45115995115995117,10.0,sqrt,200.0,,,,,
rf,both_lateral__B,both_lateral,B,4,0.40437423860566235,10.0,sqrt,200.0,,,,,
rf,both_lateral__B,both_lateral,B,5,0.4979238477536832,10.0,sqrt,200.0,,,,,
rf,both_lateral__B,both_lateral,B,6,0.4423679459130396,10.0,sqrt,200.0,,,,,
rf,both_lateral__B,both_lateral,B,7,0.46829638817727304,10.0,sqrt,200.0,,,,,
rf,both_lateral__B,both_lateral,B,8,0.4530517065968002,10.0,sqrt,200.0,,,,,
rf,both_lateral__B,both_lateral,B,9,0.4956783620992356,10.0,sqrt,200.0,,,,,
rf,both_lateral__B,both_lateral,B,10,0.48948626529454664,10.0,sqrt,200.0,,,,,
rf,both_lateral__C,both_lateral,C,1,0.6693833943833943,10.0,sqrt,200.0,,,,,
rf,both_lateral__C,both_lateral,C,2,0.7074678803266439,10.0,sqrt,200.0,,,,,
rf,both_lateral__C,both_lateral,C,3,0.7423910777569315,10.0,sqrt,200.0,,,,,
rf,both_lateral__C,both_lateral,C,4,0.7137576295262057,10.0,sqrt,200.0,,,,,
rf,both_lateral__C,both_lateral,C,5,0.7435772773265684,10.0,sqrt,200.0,,,,,
rf,both_lateral__C,both_lateral,C,6,0.6791041881796277,10.0,sqrt,200.0,,,,,
rf,both_lateral__C,both_lateral,C,7,0.6910582957094585,10.0,sqrt,200.0,,,,,
rf,both_lateral__C,both_lateral,C,8,0.6517480124967362,10.0,sqrt,200.0,,,,,
rf,both_lateral__C,both_lateral,C,9,0.6529792291278395,10.0,sqrt,200.0,,,,,
rf,both_lateral__C,both_lateral,C,10,0.7173108608162494,10.0,sqrt,200.0,,,,,
rf,left_lateral__A,left_lateral,A,1,0.6942155067155067,10.0,sqrt,200.0,,,,,
rf,left_lateral__A,left_lateral,A,2,0.72079050652505,10.0,sqrt,200.0,,,,,
rf,left_lateral__A,left_lateral,A,3,0.6997007057982668,10.0,sqrt,200.0,,,,,
rf,left_lateral__A,left_lateral,A,4,0.7183770726028241,10.0,sqrt,200.0,,,,,
rf,left_lateral__A,left_lateral,A,5,0.6902824439693415,10.0,sqrt,200.0,,,,,
rf,left_lateral__A,left_lateral,A,6,0.6211066301820697,10.0,sqrt,200.0,,,,,
rf,left_lateral__A,left_lateral,A,7,0.6609591958429167,10.0,sqrt,200.0,,,,,
rf,left_lateral__A,left_lateral,A,8,0.6348193465323358,10.0,sqrt,200.0,,,,,
rf,left_lateral__A,left_lateral,A,9,0.6473003268238663,10.0,sqrt,200.0,,,,,
rf,left_lateral__A,left_lateral,A,10,0.7012442715789283,10.0,sqrt,200.0,,,,,
rf,left_lateral__B,left_lateral,B,1,0.5043040293040293,10.0,sqrt,200.0,,,,,
rf,left_lateral__B,left_lateral,B,2,0.5024177624858283,10.0,sqrt,200.0,,,,,
rf,left_lateral__B,left_lateral,B,3,0.5754489413025998,10.0,sqrt,200.0,,,,,
rf,left_lateral__B,left_lateral,B,4,0.5728606334108319,10.0,sqrt,200.0,,,,,
rf,left_lateral__B,left_lateral,B,5,0.5655048455672392,10.0,sqrt,200.0,,,,,
rf,left_lateral__B,left_lateral,B,6,0.5023117992488384,10.0,sqrt,200.0,,,,,
rf,left_lateral__B,left_lateral,B,7,0.5041552479158832,10.0,sqrt,200.0,,,,,
rf,left_lateral__B,left_lateral,B,8,0.4921940415417443,10.0,sqrt,200.0,,,,,
rf,left_lateral__B,left_lateral,B,9,0.47517309060133783,10.0,sqrt,200.0,,,,,
rf,left_lateral__B,left_lateral,B,10,0.5372201064203334,10.0,sqrt,200.0,,,,,
rf,left_lateral__C,left_lateral,C,1,0.6817918192918193,10.0,sqrt,200.0,,,,,
rf,left_lateral__C,left_lateral,C,2,0.7272691542402262,10.0,sqrt,200.0,,,,,
rf,left_lateral__C,left_lateral,C,3,0.701241847583311,10.0,sqrt,200.0,,,,,
rf,left_lateral__C,left_lateral,C,4,0.7086400553502085,10.0,sqrt,200.0,,,,,
rf,left_lateral__C,left_lateral,C,5,0.7341861988770667,10.0,sqrt,200.0,,,,,
rf,left_lateral__C,left_lateral,C,6,0.6544995938075915,10.0,sqrt,200.0,,,,,
rf,left_lateral__C,left_lateral,C,7,0.6530226879064088,10.0,sqrt,200.0,,,,,
rf,left_lateral__C,left_lateral,C,8,0.6232049446740314,10.0,sqrt,200.0,,,,,
rf,left_lateral__C,left_lateral,C,9,0.627269985324438,10.0,sqrt,200.0,,,,,
rf,left_lateral__C,left_lateral,C,10,0.7083367096129433,10.0,sqrt,200.0,,,,,
rf,right_lateral__A,right_lateral,A,1,0.6369200244200245,10.0,sqrt,200.0,,,,,
rf,right_lateral__A,right_lateral,A,2,0.7290154699400304,10.0,sqrt,200.0,,,,,
rf,right_lateral__A,right_lateral,A,3,0.7215521605765508,10.0,sqrt,200.0,,,,,
rf,right_lateral__A,right_lateral,A,4,0.7502417069915652,10.0,sqrt,200.0,,,,,
rf,right_lateral__A,right_lateral,A,5,0.7353116254137241,10.0,sqrt,200.0,,,,,
rf,right_lateral__A,right_lateral,A,6,0.6588712699036011,10.0,sqrt,200.0,,,,,
rf,right_lateral__A,right_lateral,A,7,0.7023241616264873,10.0,sqrt,200.0,,,,,
rf,right_lateral__A,right_lateral,A,8,0.6648007094688887,10.0,sqrt,200.0,,,,,
rf,right_lateral__A,right_lateral,A,9,0.6726314273109507,10.0,sqrt,200.0,,,,,
rf,right_lateral__A,right_lateral,A,10,0.7334787384418694,10.0,sqrt,200.0,,,,,
rf,right_lateral__B,right_lateral,B,1,0.4167887667887668,10.0,sqrt,200.0,,,,,
rf,right_lateral__B,right_lateral,B,2,0.4039586964998196,10.0,sqrt,200.0,,,,,
rf,right_lateral__B,right_lateral,B,3,0.38841984573691896,10.0,sqrt,200.0,,,,,
rf,right_lateral__B,right_lateral,B,4,0.38610821963062464,10.0,sqrt,200.0,,,,,
rf,right_lateral__B,right_lateral,B,5,0.43435127297861276,10.0,sqrt,200.0,,,,,
rf,right_lateral__B,right_lateral,B,6,0.3860050266743403,10.0,sqrt,200.0,,,,,
rf,right_lateral__B,right_lateral,B,7,0.41634583353244725,10.0,sqrt,200.0,,,,,
rf,right_lateral__B,right_lateral,B,8,0.43368536675399977,10.0,sqrt,200.0,,,,,
rf,right_lateral__B,right_lateral,B,9,0.4366947573130216,10.0,sqrt,200.0,,,,,
rf,right_lateral__B,right_lateral,B,10,0.4329853514481989,10.0,sqrt,200.0,,,,,
rf,right_lateral__C,right_lateral,C,1,0.6506562881562882,10.0,sqrt,200.0,,,,,
rf,right_lateral__C,right_lateral,C,2,0.7372617298879351,10.0,sqrt,200.0,,,,,
rf,right_lateral__C,right_lateral,C,3,0.697549063402722,10.0,sqrt,200.0,,,,,
rf,right_lateral__C,right_lateral,C,4,0.6898468173283828,10.0,sqrt,200.0,,,,,
rf,right_lateral__C,right_lateral,C,5,0.719337321152409,10.0,sqrt,200.0,,,,,
rf,right_lateral__C,right_lateral,C,6,0.6727727116269374,10.0,sqrt,200.0,,,,,
rf,right_lateral__C,right_lateral,C,7,0.7056819149842406,10.0,sqrt,200.0,,,,,
rf,right_lateral__C,right_lateral,C,8,0.6329578910407044,10.0,sqrt,200.0,,,,,
rf,right_lateral__C,right_lateral,C,9,0.6773649713241318,10.0,sqrt,200.0,,,,,
rf,right_lateral__C,right_lateral,C,10,0.7009764200632039,10.0,sqrt,200.0,,,,,
svm,bis_quatro__A,bis_quatro,A,1,0.6222985347985348,,,,1.0,scale,,,
svm,bis_quatro__A,bis_quatro,A,2,0.647640725065569,,,,1.0,scale,,,
svm,bis_quatro__A,bis_quatro,A,3,0.5954986747669674,,,,10.0,scale,,,
svm,bis_quatro__A,bis_quatro,A,4,0.6454473553168959,,,,1.0,scale,,,
svm,bis_quatro__A,bis_quatro,A,5,0.6264309365557239,,,,1.0,scale,,,
svm,bis_quatro__A,bis_quatro,A,6,0.533591904408694,,,,1.0,scale,,,
svm,bis_quatro__A,bis_quatro,A,7,0.5936089970406476,,,,1.0,scale,,,
svm,bis_quatro__A,bis_quatro,A,8,0.55379989015837,,,,1.0,scale,,,
svm,bis_quatro__A,bis_quatro,A,9,0.5586122140291171,,,,1.0,scale,,,
svm,bis_quatro__A,bis_quatro,A,10,0.5765200010804095,,,,1.0,scale,,,
svm,bis_quatro__B,bis_quatro,B,1,0.5348748473748474,,,,10.0,scale,,,
svm,bis_quatro__B,bis_quatro,B,2,0.43940911297689517,,,,1.0,scale,,,
svm,bis_quatro__B,bis_quatro,B,3,0.5066485005509396,,,,1.0,scale,,,
svm,bis_quatro__B,bis_quatro,B,4,0.501823190989385,,,,1.0,scale,,,
svm,bis_quatro__B,bis_quatro,B,5,0.5096286300200084,,,,1.0,scale,,,
svm,bis_quatro__B,bis_quatro,B,6,0.5347190623707924,,,,1.0,scale,,,
svm,bis_quatro__B,bis_quatro,B,7,0.509987727656474,,,,1.0,scale,,,
svm,bis_quatro__B,bis_quatro,B,8,0.5185897955325068,,,,1.0,scale,,,
svm,bis_quatro__B,bis_quatro,B,9,0.4873051886665046,,,,1.0,scale,,,
svm,bis_quatro__B,bis_quatro,B,10,0.4486017700708569,,,,1.0,scale,,,
svm,bis_quatro__C,bis_quatro,C,1,0.6347069597069597,,,,10.0,scale,,,
svm,bis_quatro__C,bis_quatro,C,2,0.6005159994099302,,,,10.0,scale,,,
svm,bis_quatro__C,bis_quatro,C,3,0.6240805265195509,,,,1.0,scale,,,
svm,bis_quatro__C,bis_quatro,C,4,0.638058843532468,,,,10.0,scale,,,
svm,bis_quatro__C,bis_quatro,C,5,0.6316975864621922,,,,1.0,scale,,,
svm,bis_quatro__C,bis_quatro,C,6,0.6149391196186431,,,,1.0,scale,,,
svm,bis_quatro__C,bis_quatro,C,7,0.587018499241982,,,,1.0,scale,,,
svm,bis_quatro__C,bis_quatro,C,8,0.5468222456310942,,,,1.0,scale,,,
svm,bis_quatro__C,bis_quatro,C,9,0.559391009192484,,,,1.0,scale,,,
svm,bis_quatro__C,bis_quatro,C,10,0.5900701365817644,,,,1.0,scale,,,
svm,both_lateral__A,both_lateral,A,1,0.6615384615384615,,,,10.0,scale,,,
svm,both_lateral__A,both_lateral,A,2,0.6540968642500123,,,,10.0,scale,,,
svm,both_lateral__A,both_lateral,A,3,0.7332186783406295,,,,1.0,scale,,,
svm,both_lateral__A,both_lateral,A,4,0.7415269233193227,,,,1.0,scale,,,
svm,both_lateral__A,both_lateral,A,5,0.7094860298206868,,,,10.0,scale,,,
svm,both_lateral__A,both_lateral,A,6,0.5835385072480932,,,,10.0,scale,,,
svm,both_lateral__A,both_lateral,A,7,0.6205321432207422,,,,10.0,scale,,,
svm,both_lateral__A,both_lateral,A,8,0.5663911622504929,,,,10.0,scale,,,
svm,both_lateral__A,both_lateral,A,9,0.570359416218747,,,,1.0,scale,,,
svm,both_lateral__A,both_lateral,A,10,0.6358254778561075,,,,1.0,scale,,,
svm,both_lateral__B,both_lateral,B,1,0.47081807081807076,,,,10.0,scale,,,
svm,both_lateral__B,both_lateral,B,2,0.4441279398738276,,,,1.0,scale,,,
svm,both_lateral__B,both_lateral,B,3,0.42718663450370764,,,,1.0,scale,,,
svm,both_lateral__B,both_lateral,B,4,0.3872099256387402,,,,10.0,scale,,,
svm,both_lateral__B,both_lateral,B,5,0.4263908713710189,,,,1.0,scale,,,
svm,both_lateral__B,both_lateral,B,6,0.48043645079946834,,,,1.0,scale,,,
svm,both_lateral__B,both_lateral,B,7,0.45568295383950524,,,,1.0,scale,,,
svm,both_lateral__B,both_lateral,B,8,0.4292556879057163,,,,1.0,scale,,,
svm,both_lateral__B,both_lateral,B,9,0.4570379673896407,,,,1.0,scale,,,
svm,both_lateral__B,both_lateral,B,10,0.4740003961501409,,,,1.0,scale,,,
svm,both_lateral__C,both_lateral,C,1,0.6578754578754579,,,,10.0,scale,,,
svm,both_lateral__C,both_lateral,C,2,0.6512734287833551,,,,10.0,scale,,,
svm,both_lateral__C,both_lateral,C,3,0.6611274903957831,,,,1.0,scale,,,
svm,both_lateral__C,both_lateral,C,4,0.6139660585207948,,,,1.0,scale,,,
svm,both_lateral__C,both_lateral,C,5,0.6626040500118776,,,,1.0,scale,,,
svm,both_lateral__C,both_lateral,C,6,0.6609067336520541,,,,1.0,scale,,,
svm,both_lateral__C,both_lateral,C,7,0.6687466280489537,,,,1.0,scale,,,
svm,both_lateral__C,both_lateral,C,8,0.5926946312652496,,,,1.0,scale,,,
svm,both_lateral__C,both_lateral,C,9,0.603930889807237,,,,10.0,scale,,,
svm,both_lateral__C,both_lateral,C,10,0.6642064842575336,,,,10.0,scale,,,
svm,left_lateral__A,left_lateral,A,1,0.6450396825396826,,,,10.0,scale,,,
svm,left_lateral__A,left_lateral,A,2,0.6861874496588053,,,,10.0,scale,,,
svm,left_lateral__A,left_lateral,A,3,0.7075106465350368,,,,10.0,scale,,,
svm,left_lateral__A,left_lateral,A,4,0.7150236478086733,,,,10.0,scale,,,
svm,left_lateral__A,left_lateral,A,5,0.6781479219085572,,,,1.0,scale,,,
svm,left_lateral__A,left_lateral,A,6,0.5896151179758666,,,,10.0,scale,,,
svm,left_lateral__A,left_lateral,A,7,0.6171459944857562,,,,10.0,scale,,,
svm,left_lateral__A,left_lateral,A,8,0.5866060737019331,,,,10.0,scale,,,
svm,left_lateral__A,left_lateral,A,9,0.6075817734921536,,,,10.0,scale,,,
svm,left_lateral__A,left_lateral,A,10,0.6593446416191737,,,,1.0,scale,,,
svm,left_lateral__B,left_lateral,B,1,0.5501984126984127,,,,10.0,scale,,,
svm,left_lateral__B,left_lateral,B,2,0.5507558710905279,,,,1.0,scale,,,
svm,left_lateral__B,left_lateral,B,3,0.5193424461717145,,,,1.0,scale,,,
svm,left_lateral__B,left_lateral,B,4,0.5064840151340434,,,,1.0,scale,,,
svm,left_lateral__B,left_lateral,B,5,0.49271814402273845,,,,10.0,scale,,,
svm,left_lateral__B,left_lateral,B,6,0.5040034019047065,,,,1.0,scale,,,
svm,left_lateral__B,left_lateral,B,7,0.5371700682250881,,,,10.0,scale,,,
svm,left_lateral__B,left_lateral,B,8,0.45675661075547636,,,,10.0,scale,,,
svm,left_lateral__B,left_lateral,B,9,0.4731923398968209,,,,10.0,scale,,,
svm,left_lateral__B,left_lateral,B,10,0.4985797117107384,,,,1.0,scale,,,
svm,left_lateral__C,left_lateral,C,1,0.6908424908424907,,,,1.0,scale,,,
svm,left_lateral__C,left_lateral,C,2,0.6873601441100022,,,,10.0,scale,,,
svm,left_lateral__C,left_lateral,C,3,0.677320646832842,,,,1.0,scale,,,
svm,left_lateral__C,left_lateral,C,4,0.6710407667582937,,,,10.0,scale,,,
svm,left_lateral__C,left_lateral,C,5,0.6993263716179201,,,,1.0,scale,,,
svm,left_lateral__C,left_lateral,C,6,0.6675673541810808,,,,1.0,scale,,,
svm,left_lateral__C,left_lateral,C,7,0.6921870119544539,,,,1.0,scale,,,
svm,left_lateral__C,left_lateral,C,8,0.6119731878381907,,,,1.0,scale,,,
svm,left_lateral__C,left_lateral,C,9,0.6519415858610413,,,,1.0,scale,,,
svm,left_lateral__C,left_lateral,C,10,0.708534784683395,,,,1.0,scale,,,
svm,right_lateral__A,right_lateral,A,1,0.6631715506715506,,,,1.0,scale,,,
svm,right_lateral__A,right_lateral,A,2,0.6904616465024859,,,,1.0,scale,,,
svm,right_lateral__A,right_lateral,A,3,0.7394204711277883,,,,1.0,scale,,,
svm,right_lateral__A,right_lateral,A,4,0.7524397515889291,,,,1.0,scale,,,
svm,right_lateral__A,right_lateral,A,5,0.7259307623743245,,,,1.0,scale,,,
svm,right_lateral__A,right_lateral,A,6,0.6174391248129195,,,,1.0,scale,,,
svm,right_lateral__A,right_lateral,A,7,0.6219912154398824,,,,1.0,scale,,,
svm,right_lateral__A,right_lateral,A,8,0.5314151563442545,,,,10.0,scale,,,
svm,right_lateral__A,right_lateral,A,9,0.5557131152706876,,,,1.0,scale,,,
svm,right_lateral__A,right_lateral,A,10,0.6529522188909597,,,,1.0,scale,,,
svm,right_lateral__B,right_lateral,B,1,0.40538766788766784,,,,10.0,scale,,,
svm,right_lateral__B,right_lateral,B,2,0.39277282243816564,,,,10.0,scale,,,
svm,right_lateral__B,right_lateral,B,3,0.38671491110515505,,,,1.0,scale,,,
svm,right_lateral__B,right_lateral,B,4,0.4291963000130896,,,,10.0,scale,,,
svm,right_lateral__B,right_lateral,B,5,0.44470467768822847,,,,1.0,scale,,,
svm,right_lateral__B,right_lateral,B,6,0.4168920982590863,,,,10.0,scale,,,
svm,right_lateral__B,right_lateral,B,7,0.46762199796799914,,,,10.0,scale,,,
svm,right_lateral__B,right_lateral,B,8,0.40145990330335196,,,,10.0,scale,,,
svm,right_lateral__B,right_lateral,B,9,0.44984874267347325,,,,10.0,scale,,,
svm,right_lateral__B,right_lateral,B,10,0.42637234511879996,,,,1.0,scale,,,
svm,right_lateral__C,right_lateral,C,1,0.6042582417582417,,,,1.0,scale,,,
svm,right_lateral__C,right_lateral,C,2,0.6207006109161526,,,,1.0,scale,,,
svm,right_lateral__C,right_lateral,C,3,0.6876842669525597,,,,10.0,scale,,,
svm,right_lateral__C,right_lateral,C,4,0.6198226050750157,,,,10.0,scale,,,
svm,right_lateral__C,right_lateral,C,5,0.6584332192670252,,,,1.0,scale,,,
svm,right_lateral__C,right_lateral,C,6,0.6438856095691037,,,,1.0,scale,,,
svm,right_lateral__C,right_lateral,C,7,0.67179462939531,,,,1.0,scale,,,
svm,right_lateral__C,right_lateral,C,8,0.5604601644023085,,,,1.0,scale,,,
svm,right_lateral__C,right_lateral,C,9,0.6204499005122942,,,,10.0,scale,,,
svm,right_lateral__C,right_lateral,C,10,0.6653499176187775,,,,1.0,scale,,,
xgb,bis_quatro__A,bis_quatro,A,1,0.6179487179487179,,,,,,0.1,3.0,200.0
xgb,bis_quatro__A,bis_quatro,A,2,0.6311165200841888,,,,,,0.1,3.0,200.0
xgb,bis_quatro__A,bis_quatro,A,3,0.5990500014890259,,,,,,0.1,3.0,200.0
xgb,bis_quatro__A,bis_quatro,A,4,0.6673614876961445,,,,,,0.1,3.0,200.0
xgb,bis_quatro__A,bis_quatro,A,5,0.6039082081339596,,,,,,0.1,3.0,200.0
xgb,bis_quatro__A,bis_quatro,A,6,0.5273691613736992,,,,,,0.1,3.0,200.0
xgb,bis_quatro__A,bis_quatro,A,7,0.5871301761829272,,,,,,0.1,3.0,200.0
xgb,bis_quatro__A,bis_quatro,A,8,0.5675345956117369,,,,,,0.1,3.0,200.0
xgb,bis_quatro__A,bis_quatro,A,9,0.6116513158487066,,,,,,0.1,3.0,200.0
xgb,bis_quatro__A,bis_quatro,A,10,0.6537647768504263,,,,,,0.1,3.0,200.0
xgb,bis_quatro__B,bis_quatro,B,1,0.5163766788766789,,,,,,0.1,3.0,200.0
xgb,bis_quatro__B,bis_quatro,B,2,0.4620156423900043,,,,,,0.1,3.0,200.0
xgb,bis_quatro__B,bis_quatro,B,3,0.4853330950891926,,,,,,0.1,3.0,200.0
xgb,bis_quatro__B,bis_quatro,B,4,0.4670085539342488,,,,,,0.1,3.0,200.0
xgb,bis_quatro__B,bis_quatro,B,5,0.5119189595933782,,,,,,0.1,3.0,200.0
xgb,bis_quatro__B,bis_quatro,B,6,0.5065690281231972,,,,,,0.1,3.0,200.0
xgb,bis_quatro__B,bis_quatro,B,7,0.5090809801530164,,,,,,0.1,3.0,200.0
xgb,bis_quatro__B,bis_quatro,B,8,0.49268247665865356,,,,,,0.1,3.0,200.0
xgb,bis_quatro__B,bis_quatro,B,9,0.4856733201883514,,,,,,0.1,3.0,200.0
xgb,bis_quatro__B,bis_quatro,B,10,0.48799394970693893,,,,,,0.1,3.0,200.0
xgb,bis_quatro__C,bis_quatro,C,1,0.6170940170940171,,,,,,0.1,3.0,200.0
xgb,bis_quatro__C,bis_quatro,C,2,0.6429289970129448,,,,,,0.1,3.0,200.0
xgb,bis_quatro__C,bis_quatro,C,3,0.567430536942732,,,,,,0.1,3.0,200.0
xgb,bis_quatro__C,bis_quatro,C,4,0.6124488104068365,,,,,,0.1,3.0,200.0
xgb,bis_quatro__C,bis_quatro,C,5,0.6343227737158538,,,,,,0.1,3.0,200.0
xgb,bis_quatro__C,bis_quatro,C,6,0.5746666832883509,,,,,,0.1,3.0,200.0
xgb,bis_quatro__C,bis_quatro,C,7,0.5711513702154655,,,,,,0.1,3.0,200.0
xgb,bis_quatro__C,bis_quatro,C,8,0.5920126227840351,,,,,,0.1,3.0,200.0
xgb,bis_quatro__C,bis_quatro,C,9,0.6002169822362675,,,,,,0.1,3.0,200.0
xgb,bis_quatro__C,bis_quatro,C,10,0.6305089628969379,,,,,,0.1,3.0,200.0
xgb,both_lateral__A,both_lateral,A,1,0.6395604395604396,,,,,,0.1,3.0,200.0
xgb,both_lateral__A,both_lateral,A,2,0.6921130800881228,,,,,,0.1,3.0,200.0
xgb,both_lateral__A,both_lateral,A,3,0.7138762321689152,,,,,,0.1,3.0,200.0
xgb,both_lateral__A,both_lateral,A,4,0.7056990560961065,,,,,,0.1,3.0,200.0
xgb,both_lateral__A,both_lateral,A,5,0.7195979006812813,,,,,,0.1,3.0,200.0
xgb,both_lateral__A,both_lateral,A,6,0.6248709222333726,,,,,,0.1,3.0,200.0
xgb,both_lateral__A,both_lateral,A,7,0.6543269706911227,,,,,,0.1,3.0,200.0
xgb,both_lateral__A,both_lateral,A,8,0.599962635838983,,,,,,0.1,3.0,200.0
xgb,both_lateral__A,both_lateral,A,9,0.5926811261468097,,,,,,0.1,3.0,200.0
xgb,both_lateral__A,both_lateral,A,10,0.6616270066355149,,,,,,0.1,3.0,200.0
xgb,both_lateral__B,both_lateral,B,1,0.4663461538461539,,,,,,0.1,3.0,200.0
xgb,both_lateral__B,both_lateral,B,2,0.454645137430163,,,,,,0.1,3.0,200.0
xgb,both_lateral__B,both_lateral,B,3,0.47008547008547,,,,,,0.1,3.0,200.0
xgb,both_lateral__B,both_lateral,B,4,0.46854242373244076,,,,,,0.1,3.0,200.0
xgb,both_lateral__B,both_lateral,B,5,0.46865860237953255,,,,,,0.1,3.0,200.0
xgb,both_lateral__B,both_lateral,B,6,0.45527485686305874,,,,,,0.1,3.0,200.0
xgb,both_lateral__B,both_lateral,B,7,0.4805973002229383,,,,,,0.1,3.0,200.0
xgb,both_lateral__B,both_lateral,B,8,0.5049608801735859,,,,,,0.1,3.0,200.0
xgb,both_lateral__B,both_lateral,B,9,0.48946150591074017,,,,,,0.1,3.0,200.0
xgb,both_lateral__B,both_lateral,B,10,0.5180383365295446,,,,,,0.1,3.0,200.0
xgb,both_lateral__C,both_lateral,C,1,0.6799603174603175,,,,,,0.1,3.0,200.0
xgb,both_lateral__C,both_lateral,C,2,0.6558999707042815,,,,,,0.1,3.0,200.0
xgb,both_lateral__C,both_lateral,C,3,0.6669793621013133,,,,,,0.1,3.0,200.0
xgb,both_lateral__C,both_lateral,C,4,0.6982717603818002,,,,,,0.1,3.0,200.0
xgb,both_lateral__C,both_lateral,C,5,0.6566997161154847,,,,,,0.1,3.0,200.0
xgb,both_lateral__C,both_lateral,C,6,0.625962239688842,,,,,,0.1,3.0,200.0
xgb,both_lateral__C,both_lateral,C,7,0.6622634786276306,,,,,,0.1,3.0,200.0
xgb,both_lateral__C,both_lateral,C,8,0.6111898909686772,,,,,,0.1,3.0,200.0
xgb,both_lateral__C,both_lateral,C,9,0.568092807173919,,,,,,0.1,3.0,200.0
xgb,both_lateral__C,both_lateral,C,10,0.6538795703571654,,,,,,0.1,3.0,200.0
xgb,left_lateral__A,left_lateral,A,1,0.6914529914529913,,,,,,0.1,3.0,200.0
xgb,left_lateral__A,left_lateral,A,2,0.7313270960463246,,,,,,0.1,3.0,200.0
xgb,left_lateral__A,left_lateral,A,3,0.6871258822478334,,,,,,0.1,3.0,200.0
xgb,left_lateral__A,left_lateral,A,4,0.7255422305053617,,,,,,0.1,3.0,200.0
xgb,left_lateral__A,left_lateral,A,5,0.6546124827463454,,,,,,0.1,3.0,200.0
xgb,left_lateral__A,left_lateral,A,6,0.5899188099982201,,,,,,0.1,3.0,200.0
xgb,left_lateral__A,left_lateral,A,7,0.6023866314563989,,,,,,0.1,3.0,200.0
xgb,left_lateral__A,left_lateral,A,8,0.5961699484104476,,,,,,0.1,3.0,200.0
xgb,left_lateral__A,left_lateral,A,9,0.5884315155443912,,,,,,0.1,3.0,200.0
xgb,left_lateral__A,left_lateral,A,10,0.6381123445785953,,,,,,0.1,3.0,200.0
xgb,left_lateral__B,left_lateral,B,1,0.5097832722832724,,,,,,0.1,3.0,200.0
xgb,left_lateral__B,left_lateral,B,2,0.506363507923349,,,,,,0.1,3.0,200.0
xgb,left_lateral__B,left_lateral,B,3,0.4886089520235862,,,,,,0.1,3.0,200.0
xgb,left_lateral__B,left_lateral,B,4,0.5108259107124677,,,,,,0.1,3.0,200.0
xgb,left_lateral__B,left_lateral,B,5,0.5273989418912844,,,,,,0.1,3.0,200.0
xgb,left_lateral__B,left_lateral,B,6,0.5027422316134738,,,,,,0.1,3.0,200.0
xgb,left_lateral__B,left_lateral,B,7,0.49313645640928677,,,,,,0.1,3.0,200.0
xgb,left_lateral__B,left_lateral,B,8,0.4721546966300228,,,,,,0.1,3.0,200.0
xgb,left_lateral__B,left_lateral,B,9,0.436805049113614,,,,,,0.1,3.0,200.0
xgb,left_lateral__B,left_lateral,B,10,0.4748444660526339,,,,,,0.1,3.0,200.0
xgb,left_lateral__C,left_lateral,C,1,0.6877899877899879,,,,,,0.1,3.0,200.0
xgb,left_lateral__C,left_lateral,C,2,0.7232280072609057,,,,,,0.1,3.0,200.0
xgb,left_lateral__C,left_lateral,C,3,0.6750573274963519,,,,,,0.1,3.0,200.0
xgb,left_lateral__C,left_lateral,C,4,0.7319389817971782,,,,,,0.1,3.0,200.0
xgb,left_lateral__C,left_lateral,C,5,0.7290490595935859,,,,,,0.1,3.0,200.0
xgb,left_lateral__C,left_lateral,C,6,0.5984523134267887,,,,,,0.1,3.0,200.0
xgb,left_lateral__C,left_lateral,C,7,0.6388320981344238,,,,,,0.1,3.0,200.0
xgb,left_lateral__C,left_lateral,C,8,0.603631526348486,,,,,,0.1,3.0,200.0
xgb,left_lateral__C,left_lateral,C,9,0.547979184110778,,,,,,0.1,3.0,200.0
xgb,left_lateral__C,left_lateral,C,10,0.6543680054740747,,,,,,0.1,3.0,200.0
xgb,right_lateral__A,right_lateral,A,1,0.6256257631257631,,,,,,0.1,3.0,200.0
xgb,right_lateral__A,right_lateral,A,2,0.6722434148696202,,,,,,0.1,3.0,200.0
xgb,right_lateral__A,right_lateral,A,3,0.6946752434557313,,,,,,0.1,3.0,200.0
xgb,right_lateral__A,right_lateral,A,4,0.7103745973570138,,,,,,0.1,3.0,200.0
xgb,right_lateral__A,right_lateral,A,5,0.7559569692297997,,,,,,0.1,3.0,200.0
xgb,right_lateral__A,right_lateral,A,6,0.665071677550407,,,,,,0.1,3.0,200.0
xgb,right_lateral__A,right_lateral,A,7,0.6786353181702017,,,,,,0.1,3.0,200.0
xgb,right_lateral__A,right_lateral,A,8,0.6155452916655412,,,,,,0.1,3.0,200.0
xgb,right_lateral__A,right_lateral,A,9,0.6317784440302875,,,,,,0.1,3.0,200.0
xgb,right_lateral__A,right_lateral,A,10,0.6956486508386678,,,,,,0.1,3.0,200.0
xgb,right_lateral__B,right_lateral,B,1,0.4242063492063492,,,,,,0.1,3.0,200.0
xgb,right_lateral__B,right_lateral,B,2,0.4556917841092543,,,,,,0.1,3.0,200.0
xgb,right_lateral__B,right_lateral,B,3,0.4165847702433068,,,,,,0.1,3.0,200.0
xgb,right_lateral__B,right_lateral,B,4,0.4356600574694733,,,,,,0.1,3.0,200.0
xgb,right_lateral__B,right_lateral,B,5,0.4389688114872459,,,,,,0.1,3.0,200.0
xgb,right_lateral__B,right_lateral,B,6,0.4210435370389993,,,,,,0.1,3.0,200.0
xgb,right_lateral__B,right_lateral,B,7,0.45515002108876185,,,,,,0.1,3.0,200.0
xgb,right_lateral__B,right_lateral,B,8,0.4933329731968416,,,,,,0.1,3.0,200.0
xgb,right_lateral__B,right_lateral,B,9,0.5018366961078249,,,,,,0.1,3.0,200.0
xgb,right_lateral__B,right_lateral,B,10,0.46539988655700504,,,,,,0.1,3.0,200.0
xgb,right_lateral__C,right_lateral,C,1,0.5809676434676434,,,,,,0.1,3.0,200.0
xgb,right_lateral__C,right_lateral,C,2,0.6808827083926348,,,,,,0.1,3.0,200.0
xgb,right_lateral__C,right_lateral,C,3,0.6620581315703268,,,,,,0.1,3.0,200.0
xgb,right_lateral__C,right_lateral,C,4,0.7023368010322066,,,,,,0.1,3.0,200.0
xgb,right_lateral__C,right_lateral,C,5,0.6914925372100642,,,,,,0.1,3.0,200.0
xgb,right_lateral__C,right_lateral,C,6,0.5994830309918228,,,,,,0.1,3.0,200.0
xgb,right_lateral__C,right_lateral,C,7,0.6662421211485307,,,,,,0.1,3.0,200.0
xgb,right_lateral__C,right_lateral,C,8,0.5555330470248224,,,,,,0.1,3.0,200.0
xgb,right_lateral__C,right_lateral,C,9,0.5834818896361721,,,,,,0.1,3.0,200.0
xgb,right_lateral__C,right_lateral,C,10,0.6679586563307494,,,,,,0.1,3.0,200.0
