estimator,model,fold,n_iter,best_score_inner,rf__max_depth,rf__max_features,rf__min_samples_leaf,rf__min_samples_split,rf__n_estimators,pca_n_components,svc__C,svc__gamma,xgb__colsample_bytree,xgb__learning_rate,xgb__max_depth,xgb__n_estimators,xgb__subsample
rf,A_bandpower_epoch,1,720,0.673776455026455,10.0,0.3,2.0,10.0,200.0,,,,,,,,
rf,A_bandpower_epoch,2,720,0.7298052362707534,5.0,0.8,3.0,2.0,400.0,,,,,,,,
rf,A_bandpower_epoch,3,720,0.7122484878325148,10.0,sqrt,1.0,8.0,200.0,,,,,,,,
rf,A_bandpower_epoch,4,720,0.7524680823519411,5.0,0.8,3.0,2.0,600.0,,,,,,,,
rf,A_bandpower_epoch,5,720,0.7811425275528789,10.0,0.8,1.0,10.0,1000.0,,,,,,,,
rf,A_bandpower_epoch,6,720,0.7052112894843408,10.0,sqrt,3.0,8.0,400.0,,,,,,,,
rf,A_bandpower_epoch,7,720,0.7390427287731525,10.0,0.3,3.0,10.0,600.0,,,,,,,,
rf,A_bandpower_epoch,8,720,0.7379856791652418,5.0,0.3,2.0,10.0,400.0,,,,,,,,
rf,A_bandpower_epoch,9,720,0.7383163776929548,5.0,0.3,2.0,8.0,200.0,,,,,,,,
rf,A_bandpower_epoch,10,720,0.7635389036251106,5.0,0.3,3.0,10.0,200.0,,,,,,,,
rf,B_wpli_edges_epoch_sliding,1,720,0.4942129629629629,10.0,0.8,4.0,2.0,200.0,100.0,,,,,,,
rf,B_wpli_edges_epoch_sliding,2,720,0.5556866903849662,10.0,0.8,3.0,10.0,200.0,100.0,,,,,,,
rf,B_wpli_edges_epoch_sliding,3,720,0.4818906877276361,5.0,sqrt,5.0,2.0,200.0,100.0,,,,,,,
rf,B_wpli_edges_epoch_sliding,4,720,0.5283888425155965,10.0,0.8,5.0,2.0,1000.0,100.0,,,,,,,
rf,B_wpli_edges_epoch_sliding,5,720,0.5467896419630518,5.0,0.8,2.0,8.0,200.0,100.0,,,,,,,
rf,B_wpli_edges_epoch_sliding,6,720,0.5692542378280061,5.0,sqrt,1.0,4.0,200.0,100.0,,,,,,,
rf,B_wpli_edges_epoch_sliding,7,720,0.5351263856655938,5.0,sqrt,4.0,2.0,400.0,100.0,,,,,,,
rf,B_wpli_edges_epoch_sliding,8,720,0.5398793542454181,10.0,0.8,3.0,2.0,600.0,100.0,,,,,,,
rf,B_wpli_edges_epoch_sliding,9,720,0.5332572967402656,10.0,sqrt,2.0,2.0,400.0,100.0,,,,,,,
rf,B_wpli_edges_epoch_sliding,10,720,0.5517044019199191,5.0,sqrt,2.0,2.0,200.0,100.0,,,,,,,
rf,C_AplusB_epoch_sliding,1,720,0.6314484126984127,5.0,sqrt,2.0,10.0,200.0,100.0,,,,,,,
rf,C_AplusB_epoch_sliding,2,720,0.6323378489326765,5.0,0.3,1.0,2.0,400.0,100.0,,,,,,,
rf,C_AplusB_epoch_sliding,3,720,0.7092530044272443,5.0,0.8,1.0,8.0,200.0,100.0,,,,,,,
rf,C_AplusB_epoch_sliding,4,720,0.6523842708233062,20.0,0.8,1.0,2.0,600.0,100.0,,,,,,,
rf,C_AplusB_epoch_sliding,5,720,0.7541824962368542,5.0,0.3,5.0,2.0,1000.0,100.0,,,,,,,
rf,C_AplusB_epoch_sliding,6,720,0.6805378654912208,5.0,0.3,1.0,8.0,1000.0,100.0,,,,,,,
rf,C_AplusB_epoch_sliding,7,720,0.7246161556119062,10.0,0.3,1.0,2.0,200.0,100.0,,,,,,,
rf,C_AplusB_epoch_sliding,8,720,0.6473182515550051,5.0,0.8,1.0,2.0,200.0,100.0,,,,,,,
rf,C_AplusB_epoch_sliding,9,720,0.6956629104705219,5.0,0.8,3.0,2.0,200.0,100.0,,,,,,,
rf,C_AplusB_epoch_sliding,10,720,0.7238932044966528,5.0,0.3,1.0,4.0,200.0,100.0,,,,,,,
svm,A_bandpower_epoch,1,12,0.7088293650793651,,,,,,,100.0,0.001,,,,,
svm,A_bandpower_epoch,2,12,0.7246567688378034,,,,,,,1.0,0.01,,,,,
svm,A_bandpower_epoch,3,12,0.7414704613838118,,,,,,,100.0,0.001,,,,,
svm,A_bandpower_epoch,4,12,0.805708705988408,,,,,,,10.0,0.001,,,,,
svm,A_bandpower_epoch,5,12,0.8183041342609866,,,,,,,100.0,0.01,,,,,
svm,A_bandpower_epoch,6,12,0.7466875299640561,,,,,,,1.0,0.001,,,,,
svm,A_bandpower_epoch,7,12,0.7782905407969039,,,,,,,10.0,0.01,,,,,
svm,A_bandpower_epoch,8,12,0.7157570579826678,,,,,,,10.0,0.01,,,,,
svm,A_bandpower_epoch,9,12,0.7656867592738072,,,,,,,100.0,0.001,,,,,
svm,A_bandpower_epoch,10,12,0.7451133636478464,,,,,,,100.0,0.001,,,,,
svm,B_wpli_edges_epoch_sliding,1,12,0.5,,,,,,100.0,0.1,scale,,,,,
svm,B_wpli_edges_epoch_sliding,2,12,0.5245450191570881,,,,,,100.0,10.0,scale,,,,,
svm,B_wpli_edges_epoch_sliding,3,12,0.5,,,,,,100.0,0.1,scale,,,,,
svm,B_wpli_edges_epoch_sliding,4,12,0.5356752314390313,,,,,,100.0,10.0,scale,,,,,
svm,B_wpli_edges_epoch_sliding,5,12,0.567156146428589,,,,,,100.0,1.0,scale,,,,,
svm,B_wpli_edges_epoch_sliding,6,12,0.5524657373388617,,,,,,100.0,10.0,scale,,,,,
svm,B_wpli_edges_epoch_sliding,7,12,0.5630035191005267,,,,,,100.0,10.0,scale,,,,,
svm,B_wpli_edges_epoch_sliding,8,12,0.5488137983407116,,,,,,100.0,1.0,scale,,,,,
svm,B_wpli_edges_epoch_sliding,9,12,0.5435964634608452,,,,,,100.0,10.0,scale,,,,,
svm,B_wpli_edges_epoch_sliding,10,12,0.5294382341796134,,,,,,100.0,10.0,scale,,,,,
svm,C_AplusB_epoch_sliding,1,12,0.5343915343915344,,,,,,100.0,10.0,scale,,,,,
svm,C_AplusB_epoch_sliding,2,12,0.5500193851486954,,,,,,100.0,10.0,scale,,,,,
svm,C_AplusB_epoch_sliding,3,12,0.5338475045313498,,,,,,100.0,10.0,scale,,,,,
svm,C_AplusB_epoch_sliding,4,12,0.5636963445783882,,,,,,100.0,10.0,scale,,,,,
svm,C_AplusB_epoch_sliding,5,12,0.6050595135628999,,,,,,100.0,1.0,scale,,,,,
svm,C_AplusB_epoch_sliding,6,12,0.5866064051002191,,,,,,100.0,10.0,scale,,,,,
svm,C_AplusB_epoch_sliding,7,12,0.5990223271593618,,,,,,100.0,10.0,scale,,,,,
svm,C_AplusB_epoch_sliding,8,12,0.5857019434868467,,,,,,100.0,1.0,scale,,,,,
svm,C_AplusB_epoch_sliding,9,12,0.5818148157561531,,,,,,100.0,10.0,scale,,,,,
svm,C_AplusB_epoch_sliding,10,12,0.5652235695339144,,,,,,100.0,10.0,scale,,,,,
xgb,A_bandpower_epoch,1,32,0.6712962962962963,,,,,,,,,1.0,0.1,6.0,600.0,0.8
xgb,A_bandpower_epoch,2,32,0.7124213191023536,,,,,,,,,1.0,0.1,3.0,300.0,0.8
xgb,A_bandpower_epoch,3,32,0.6743999767313809,,,,,,,,,1.0,0.1,6.0,600.0,0.8
xgb,A_bandpower_epoch,4,32,0.7441282965731308,,,,,,,,,0.8,0.05,6.0,600.0,0.8
xgb,A_bandpower_epoch,5,32,0.7683612621170719,,,,,,,,,1.0,0.05,6.0,300.0,0.8
xgb,A_bandpower_epoch,6,32,0.6664140141963169,,,,,,,,,0.8,0.1,6.0,600.0,0.8
xgb,A_bandpower_epoch,7,32,0.7421144324225197,,,,,,,,,0.8,0.05,6.0,600.0,1.0
xgb,A_bandpower_epoch,8,32,0.7030711351306389,,,,,,,,,1.0,0.05,3.0,300.0,0.8
xgb,A_bandpower_epoch,9,32,0.7140561989174269,,,,,,,,,0.8,0.05,3.0,300.0,1.0
xgb,A_bandpower_epoch,10,32,0.762769199191613,,,,,,,,,1.0,0.05,3.0,300.0,0.8
xgb,B_wpli_edges_epoch_sliding,1,32,0.4773478835978836,,,,,,100.0,,,0.8,0.05,3.0,300.0,1.0
xgb,B_wpli_edges_epoch_sliding,2,32,0.5169277960226236,,,,,,100.0,,,1.0,0.05,3.0,600.0,0.8
xgb,B_wpli_edges_epoch_sliding,3,32,0.48487467295703984,,,,,,100.0,,,0.8,0.05,6.0,600.0,0.8
xgb,B_wpli_edges_epoch_sliding,4,32,0.5042999737803531,,,,,,100.0,,,0.8,0.05,6.0,300.0,0.8
xgb,B_wpli_edges_epoch_sliding,5,32,0.5551239092029673,,,,,,100.0,,,0.8,0.05,6.0,300.0,1.0
xgb,B_wpli_edges_epoch_sliding,6,32,0.5668784482817173,,,,,,100.0,,,1.0,0.1,3.0,600.0,0.8
xgb,B_wpli_edges_epoch_sliding,7,32,0.5532404260230054,,,,,,100.0,,,1.0,0.05,3.0,600.0,0.8
xgb,B_wpli_edges_epoch_sliding,8,32,0.5421380203760355,,,,,,100.0,,,0.8,0.1,3.0,300.0,0.8
xgb,B_wpli_edges_epoch_sliding,9,32,0.5161599421744502,,,,,,100.0,,,0.8,0.05,3.0,300.0,0.8
xgb,B_wpli_edges_epoch_sliding,10,32,0.5351498357963875,,,,,,100.0,,,0.8,0.1,3.0,300.0,0.8
xgb,C_AplusB_epoch_sliding,1,32,0.6160714285714286,,,,,,100.0,,,0.8,0.1,3.0,300.0,0.8
xgb,C_AplusB_epoch_sliding,2,32,0.6149995438788542,,,,,,100.0,,,1.0,0.1,3.0,600.0,0.8
xgb,C_AplusB_epoch_sliding,3,32,0.6777785155347016,,,,,,100.0,,,1.0,0.1,3.0,600.0,0.8
xgb,C_AplusB_epoch_sliding,4,32,0.6469767760561107,,,,,,100.0,,,0.8,0.05,6.0,300.0,1.0
xgb,C_AplusB_epoch_sliding,5,32,0.7433193695269854,,,,,,100.0,,,0.8,0.05,6.0,300.0,0.8
xgb,C_AplusB_epoch_sliding,6,32,0.6905043833300661,,,,,,100.0,,,0.8,0.1,3.0,600.0,0.8
xgb,C_AplusB_epoch_sliding,7,32,0.6584992364215838,,,,,,100.0,,,1.0,0.05,6.0,300.0,0.8
xgb,C_AplusB_epoch_sliding,8,32,0.6110710935406058,,,,,,100.0,,,1.0,0.05,6.0,300.0,1.0
xgb,C_AplusB_epoch_sliding,9,32,0.6511281681592868,,,,,,100.0,,,1.0,0.05,3.0,300.0,1.0
xgb,C_AplusB_epoch_sliding,10,32,0.7094267083491221,,,,,,100.0,,,1.0,0.1,6.0,600.0,0.8
