estimator,model,subset,feat_type,fold,best_score_inner,rf__max_depth,rf__max_features,rf__min_samples_leaf,rf__min_samples_split,rf__n_estimators,svc__C,svc__gamma,xgb__colsample_bytree,xgb__learning_rate,xgb__max_depth,xgb__n_estimators,xgb__subsample
rf,bis_quatro__A,bis_quatro,A,1,0.619212962962963,5.0,0.8,2.0,10.0,400.0,,,,,,,
rf,bis_quatro__A,bis_quatro,A,2,0.6541974548440066,5.0,sqrt,4.0,2.0,400.0,,,,,,,
rf,bis_quatro__A,bis_quatro,A,3,0.6549480932379543,5.0,0.8,5.0,2.0,200.0,,,,,,,
rf,bis_quatro__A,bis_quatro,A,4,0.685546678758854,5.0,0.8,4.0,10.0,400.0,,,,,,,
rf,bis_quatro__A,bis_quatro,A,5,0.6661030145216325,5.0,0.8,5.0,2.0,800.0,,,,,,,
rf,bis_quatro__A,bis_quatro,A,6,0.6522327598502845,5.0,0.8,4.0,10.0,400.0,,,,,,,
rf,bis_quatro__A,bis_quatro,A,7,0.6713182240715329,5.0,sqrt,2.0,10.0,800.0,,,,,,,
rf,bis_quatro__A,bis_quatro,A,8,0.6221943094052009,10.0,0.8,5.0,2.0,200.0,,,,,,,
rf,bis_quatro__A,bis_quatro,A,9,0.6007579205907633,5.0,0.8,2.0,10.0,200.0,,,,,,,
rf,bis_quatro__A,bis_quatro,A,10,0.6442505052418845,5.0,0.8,2.0,6.0,200.0,,,,,,,
rf,bis_quatro__B,bis_quatro,B,1,0.5380291005291005,10.0,sqrt,4.0,2.0,200.0,,,,,,,
rf,bis_quatro__B,bis_quatro,B,2,0.4983408593322387,20.0,0.3,5.0,2.0,200.0,,,,,,,
rf,bis_quatro__B,bis_quatro,B,3,0.46088522575010554,10.0,0.3,2.0,10.0,200.0,,,,,,,
rf,bis_quatro__B,bis_quatro,B,4,0.4837888089418013,5.0,sqrt,2.0,6.0,200.0,,,,,,,
rf,bis_quatro__B,bis_quatro,B,5,0.4836283834059497,10.0,sqrt,5.0,2.0,400.0,,,,,,,
rf,bis_quatro__B,bis_quatro,B,6,0.5315721172616619,20.0,sqrt,2.0,2.0,400.0,,,,,,,
rf,bis_quatro__B,bis_quatro,B,7,0.4955331453107116,20.0,sqrt,2.0,2.0,200.0,,,,,,,
rf,bis_quatro__B,bis_quatro,B,8,0.5065222221708765,20.0,sqrt,2.0,6.0,800.0,,,,,,,
rf,bis_quatro__B,bis_quatro,B,9,0.5038642147031549,20.0,sqrt,4.0,2.0,200.0,,,,,,,
rf,bis_quatro__B,bis_quatro,B,10,0.49852769357079696,5.0,0.3,5.0,2.0,800.0,,,,,,,
rf,bis_quatro__C,bis_quatro,C,1,0.609292328042328,10.0,0.8,5.0,2.0,200.0,,,,,,,
rf,bis_quatro__C,bis_quatro,C,2,0.6523786717752235,5.0,sqrt,2.0,6.0,800.0,,,,,,,
rf,bis_quatro__C,bis_quatro,C,3,0.6378883206989532,10.0,0.3,5.0,2.0,800.0,,,,,,,
rf,bis_quatro__C,bis_quatro,C,4,0.6497498125746101,10.0,0.8,4.0,2.0,200.0,,,,,,,
rf,bis_quatro__C,bis_quatro,C,5,0.6654914228145825,5.0,0.8,2.0,6.0,200.0,,,,,,,
rf,bis_quatro__C,bis_quatro,C,6,0.64143919307895,5.0,0.3,4.0,2.0,400.0,,,,,,,
rf,bis_quatro__C,bis_quatro,C,7,0.6671756530729682,5.0,0.3,2.0,10.0,400.0,,,,,,,
rf,bis_quatro__C,bis_quatro,C,8,0.6191383084255246,5.0,0.8,5.0,2.0,800.0,,,,,,,
rf,bis_quatro__C,bis_quatro,C,9,0.6010658023641624,5.0,0.8,4.0,2.0,200.0,,,,,,,
rf,bis_quatro__C,bis_quatro,C,10,0.6430702917771883,10.0,0.8,4.0,10.0,200.0,,,,,,,
rf,both_lateral__A,both_lateral,A,1,0.7022156084656085,10.0,sqrt,2.0,6.0,400.0,,,,,,,
rf,both_lateral__A,both_lateral,A,2,0.7292863984674329,10.0,0.3,4.0,2.0,200.0,,,,,,,
rf,both_lateral__A,both_lateral,A,3,0.7800142937476389,5.0,sqrt,2.0,2.0,800.0,,,,,,,
rf,both_lateral__A,both_lateral,A,4,0.7733863748357905,5.0,sqrt,4.0,10.0,800.0,,,,,,,
rf,both_lateral__A,both_lateral,A,5,0.8221259786111386,5.0,sqrt,2.0,10.0,400.0,,,,,,,
rf,both_lateral__A,both_lateral,A,6,0.7442946065987321,5.0,sqrt,4.0,10.0,200.0,,,,,,,
rf,both_lateral__A,both_lateral,A,7,0.7578782558793957,5.0,sqrt,4.0,10.0,800.0,,,,,,,
rf,both_lateral__A,both_lateral,A,8,0.7283163815438836,5.0,sqrt,4.0,10.0,800.0,,,,,,,
rf,both_lateral__A,both_lateral,A,9,0.7187058105897466,10.0,sqrt,4.0,2.0,200.0,,,,,,,
rf,both_lateral__A,both_lateral,A,10,0.7334059618542377,10.0,sqrt,4.0,2.0,200.0,,,,,,,
rf,both_lateral__B,both_lateral,B,1,0.4995039682539682,5.0,sqrt,2.0,10.0,400.0,,,,,,,
rf,both_lateral__B,both_lateral,B,2,0.48002189381499727,10.0,0.3,4.0,2.0,200.0,,,,,,,
rf,both_lateral__B,both_lateral,B,3,0.5530155492225564,10.0,0.3,5.0,2.0,800.0,,,,,,,
rf,both_lateral__B,both_lateral,B,4,0.5396720588500501,10.0,sqrt,4.0,2.0,400.0,,,,,,,
rf,both_lateral__B,both_lateral,B,5,0.5725070798316227,10.0,0.3,4.0,10.0,800.0,,,,,,,
rf,both_lateral__B,both_lateral,B,6,0.5012333129337688,10.0,0.8,4.0,2.0,200.0,,,,,,,
rf,both_lateral__B,both_lateral,B,7,0.5226389934044531,5.0,0.8,4.0,10.0,400.0,,,,,,,
rf,both_lateral__B,both_lateral,B,8,0.5510409831267695,5.0,0.3,4.0,2.0,200.0,,,,,,,
rf,both_lateral__B,both_lateral,B,9,0.5343839822918881,5.0,sqrt,2.0,6.0,200.0,,,,,,,
rf,both_lateral__B,both_lateral,B,10,0.5389273083238599,10.0,0.8,5.0,2.0,800.0,,,,,,,
rf,both_lateral__C,both_lateral,C,1,0.6752645502645503,5.0,sqrt,2.0,2.0,800.0,,,,,,,
rf,both_lateral__C,both_lateral,C,2,0.718219759168035,5.0,0.3,2.0,6.0,400.0,,,,,,,
rf,both_lateral__C,both_lateral,C,3,0.7901176772062855,5.0,sqrt,2.0,2.0,400.0,,,,,,,
rf,both_lateral__C,both_lateral,C,4,0.7740659675307323,10.0,0.3,5.0,2.0,400.0,,,,,,,
rf,both_lateral__C,both_lateral,C,5,0.8133627510979111,5.0,0.3,4.0,2.0,400.0,,,,,,,
rf,both_lateral__C,both_lateral,C,6,0.745019928512525,10.0,sqrt,5.0,2.0,400.0,,,,,,,
rf,both_lateral__C,both_lateral,C,7,0.7563759983432088,10.0,sqrt,2.0,10.0,200.0,,,,,,,
rf,both_lateral__C,both_lateral,C,8,0.7246218002630953,10.0,sqrt,2.0,10.0,800.0,,,,,,,
rf,both_lateral__C,both_lateral,C,9,0.6986081972415026,5.0,sqrt,2.0,10.0,200.0,,,,,,,
rf,both_lateral__C,both_lateral,C,10,0.752518315018315,5.0,sqrt,2.0,6.0,400.0,,,,,,,
rf,left_lateral__A,left_lateral,A,1,0.7116402116402116,5.0,0.8,4.0,2.0,400.0,,,,,,,
rf,left_lateral__A,left_lateral,A,2,0.7499543878854225,10.0,0.8,4.0,2.0,200.0,,,,,,,
rf,left_lateral__A,left_lateral,A,3,0.7426781358006735,5.0,0.8,4.0,2.0,400.0,,,,,,,
rf,left_lateral__A,left_lateral,A,4,0.7466148228481679,10.0,0.8,4.0,2.0,800.0,,,,,,,
rf,left_lateral__A,left_lateral,A,5,0.8127323421978927,5.0,0.3,2.0,6.0,200.0,,,,,,,
rf,left_lateral__A,left_lateral,A,6,0.7391771059271393,5.0,0.8,4.0,10.0,800.0,,,,,,,
rf,left_lateral__A,left_lateral,A,7,0.7434874507547253,5.0,0.3,2.0,2.0,800.0,,,,,,,
rf,left_lateral__A,left_lateral,A,8,0.7212640789964171,5.0,0.3,4.0,2.0,800.0,,,,,,,
rf,left_lateral__A,left_lateral,A,9,0.6673823618209657,10.0,sqrt,2.0,10.0,800.0,,,,,,,
rf,left_lateral__A,left_lateral,A,10,0.7490803018820259,10.0,0.3,4.0,2.0,400.0,,,,,,,
rf,left_lateral__B,left_lateral,B,1,0.533068783068783,20.0,0.3,2.0,2.0,200.0,,,,,,,
rf,left_lateral__B,left_lateral,B,2,0.5396540321109287,10.0,sqrt,2.0,10.0,400.0,,,,,,,
rf,left_lateral__B,left_lateral,B,3,0.5467208066072105,10.0,sqrt,2.0,10.0,200.0,,,,,,,
rf,left_lateral__B,left_lateral,B,4,0.5453922366658633,10.0,0.3,5.0,2.0,200.0,,,,,,,
rf,left_lateral__B,left_lateral,B,5,0.5504656256213845,5.0,0.3,2.0,10.0,800.0,,,,,,,
rf,left_lateral__B,left_lateral,B,6,0.5200539824352958,5.0,sqrt,2.0,10.0,200.0,,,,,,,
rf,left_lateral__B,left_lateral,B,7,0.5368211187135206,5.0,sqrt,2.0,6.0,200.0,,,,,,,
rf,left_lateral__B,left_lateral,B,8,0.5444300933157115,20.0,0.8,4.0,2.0,200.0,,,,,,,
rf,left_lateral__B,left_lateral,B,9,0.5417817131704853,10.0,0.3,2.0,2.0,200.0,,,,,,,
rf,left_lateral__B,left_lateral,B,10,0.5270225464190982,5.0,0.8,5.0,2.0,400.0,,,,,,,
rf,left_lateral__C,left_lateral,C,1,0.7134589947089948,10.0,0.8,4.0,2.0,200.0,,,,,,,
rf,left_lateral__C,left_lateral,C,2,0.7352501824484583,5.0,0.8,2.0,10.0,800.0,,,,,,,
rf,left_lateral__C,left_lateral,C,3,0.7574864981700116,5.0,0.3,2.0,2.0,800.0,,,,,,,
rf,left_lateral__C,left_lateral,C,4,0.7429658536819574,5.0,0.3,4.0,2.0,400.0,,,,,,,
rf,left_lateral__C,left_lateral,C,5,0.8254382583526381,5.0,0.3,4.0,2.0,400.0,,,,,,,
rf,left_lateral__C,left_lateral,C,6,0.7339472876191039,5.0,0.3,2.0,2.0,400.0,,,,,,,
rf,left_lateral__C,left_lateral,C,7,0.7586675240456061,5.0,0.3,4.0,10.0,800.0,,,,,,,
rf,left_lateral__C,left_lateral,C,8,0.7446040782878462,5.0,0.3,4.0,2.0,200.0,,,,,,,
rf,left_lateral__C,left_lateral,C,9,0.6949688767918372,5.0,sqrt,2.0,10.0,800.0,,,,,,,
rf,left_lateral__C,left_lateral,C,10,0.7449988947833776,10.0,0.8,2.0,10.0,400.0,,,,,,,
rf,right_lateral__A,right_lateral,A,1,0.6441798941798942,5.0,sqrt,2.0,2.0,200.0,,,,,,,
rf,right_lateral__A,right_lateral,A,2,0.6891933497536946,10.0,sqrt,2.0,2.0,200.0,,,,,,,
rf,right_lateral__A,right_lateral,A,3,0.7365266849021441,10.0,0.3,5.0,2.0,200.0,,,,,,,
rf,right_lateral__A,right_lateral,A,4,0.7505124995345106,20.0,0.3,2.0,2.0,800.0,,,,,,,
rf,right_lateral__A,right_lateral,A,5,0.7624784484222424,5.0,0.3,2.0,10.0,200.0,,,,,,,
rf,right_lateral__A,right_lateral,A,6,0.7259182965824992,5.0,sqrt,2.0,6.0,800.0,,,,,,,
rf,right_lateral__A,right_lateral,A,7,0.7483177166001631,10.0,sqrt,4.0,10.0,400.0,,,,,,,
rf,right_lateral__A,right_lateral,A,8,0.6979237908853131,10.0,0.3,5.0,2.0,400.0,,,,,,,
rf,right_lateral__A,right_lateral,A,9,0.68837704907932,5.0,sqrt,5.0,2.0,800.0,,,,,,,
rf,right_lateral__A,right_lateral,A,10,0.7056216054060882,10.0,sqrt,4.0,2.0,400.0,,,,,,,
rf,right_lateral__B,right_lateral,B,1,0.44957010582010587,10.0,0.3,4.0,2.0,200.0,,,,,,,
rf,right_lateral__B,right_lateral,B,2,0.4515827403758438,5.0,0.3,2.0,10.0,200.0,,,,,,,
rf,right_lateral__B,right_lateral,B,3,0.47440795885143194,20.0,sqrt,4.0,10.0,200.0,,,,,,,
rf,right_lateral__B,right_lateral,B,4,0.4818098711407994,10.0,0.3,5.0,2.0,200.0,,,,,,,
rf,right_lateral__B,right_lateral,B,5,0.45229331447017695,20.0,sqrt,2.0,10.0,200.0,,,,,,,
rf,right_lateral__B,right_lateral,B,6,0.4656621652369406,5.0,0.8,5.0,2.0,200.0,,,,,,,
rf,right_lateral__B,right_lateral,B,7,0.46999081492629813,5.0,sqrt,2.0,6.0,200.0,,,,,,,
rf,right_lateral__B,right_lateral,B,8,0.4582143396272917,10.0,0.8,2.0,10.0,200.0,,,,,,,
rf,right_lateral__B,right_lateral,B,9,0.41622092163513524,20.0,0.3,4.0,2.0,200.0,,,,,,,
rf,right_lateral__B,right_lateral,B,10,0.48807155488189974,5.0,sqrt,2.0,6.0,200.0,,,,,,,
rf,right_lateral__C,right_lateral,C,1,0.6347552910052909,10.0,sqrt,2.0,10.0,800.0,,,,,,,
rf,right_lateral__C,right_lateral,C,2,0.6817642765918628,10.0,0.3,2.0,2.0,400.0,,,,,,,
rf,right_lateral__C,right_lateral,C,3,0.7355253774914812,5.0,sqrt,4.0,10.0,200.0,,,,,,,
rf,right_lateral__C,right_lateral,C,4,0.7435856719642298,5.0,0.8,4.0,2.0,800.0,,,,,,,
rf,right_lateral__C,right_lateral,C,5,0.7566329836716826,5.0,sqrt,2.0,2.0,200.0,,,,,,,
rf,right_lateral__C,right_lateral,C,6,0.7144027673262213,5.0,sqrt,2.0,10.0,200.0,,,,,,,
rf,right_lateral__C,right_lateral,C,7,0.7422839847726971,5.0,0.3,2.0,6.0,800.0,,,,,,,
rf,right_lateral__C,right_lateral,C,8,0.6943831504912246,10.0,0.3,5.0,2.0,400.0,,,,,,,
rf,right_lateral__C,right_lateral,C,9,0.6858826098207932,5.0,0.3,5.0,2.0,200.0,,,,,,,
rf,right_lateral__C,right_lateral,C,10,0.7148541114058355,5.0,sqrt,4.0,10.0,200.0,,,,,,,
svm,bis_quatro__A,bis_quatro,A,1,0.663690476190476,,,,,,10.0,0.001,,,,,
svm,bis_quatro__A,bis_quatro,A,2,0.6750307881773399,,,,,,1.0,0.01,,,,,
svm,bis_quatro__A,bis_quatro,A,3,0.6838737637009074,,,,,,10.0,0.001,,,,,
svm,bis_quatro__A,bis_quatro,A,4,0.6971792683746559,,,,,,10.0,0.001,,,,,
svm,bis_quatro__A,bis_quatro,A,5,0.6848770472461876,,,,,,1.0,0.001,,,,,
svm,bis_quatro__A,bis_quatro,A,6,0.676205527017244,,,,,,1.0,0.001,,,,,
svm,bis_quatro__A,bis_quatro,A,7,0.6868567681820194,,,,,,10.0,0.001,,,,,
svm,bis_quatro__A,bis_quatro,A,8,0.6602200189773781,,,,,,1.0,0.001,,,,,
svm,bis_quatro__A,bis_quatro,A,9,0.6479962076051227,,,,,,1.0,0.001,,,,,
svm,bis_quatro__A,bis_quatro,A,10,0.7012796829607175,,,,,,1.0,0.001,,,,,
svm,bis_quatro__B,bis_quatro,B,1,0.5767195767195767,,,,,,100.0,0.001,,,,,
svm,bis_quatro__B,bis_quatro,B,2,0.5274413884327678,,,,,,10.0,0.01,,,,,
svm,bis_quatro__B,bis_quatro,B,3,0.536311283301235,,,,,,100.0,0.001,,,,,
svm,bis_quatro__B,bis_quatro,B,4,0.5130576534786176,,,,,,10.0,0.01,,,,,
svm,bis_quatro__B,bis_quatro,B,5,0.528330209869595,,,,,,100.0,0.01,,,,,
svm,bis_quatro__B,bis_quatro,B,6,0.5290431040923493,,,,,,10.0,0.001,,,,,
svm,bis_quatro__B,bis_quatro,B,7,0.5310124686189823,,,,,,10.0,0.01,,,,,
svm,bis_quatro__B,bis_quatro,B,8,0.5495980400311772,,,,,,10.0,0.01,,,,,
svm,bis_quatro__B,bis_quatro,B,9,0.5329676106063828,,,,,,100.0,0.001,,,,,
svm,bis_quatro__B,bis_quatro,B,10,0.5140994063407857,,,,,,100.0,0.01,,,,,
svm,bis_quatro__C,bis_quatro,C,1,0.6605489417989417,,,,,,100.0,0.001,,,,,
svm,bis_quatro__C,bis_quatro,C,2,0.6449267925561029,,,,,,1.0,0.001,,,,,
svm,bis_quatro__C,bis_quatro,C,3,0.6813506350213446,,,,,,100.0,0.001,,,,,
svm,bis_quatro__C,bis_quatro,C,4,0.6785436309444766,,,,,,1.0,0.001,,,,,
svm,bis_quatro__C,bis_quatro,C,5,0.650013487484715,,,,,,1.0,0.001,,,,,
svm,bis_quatro__C,bis_quatro,C,6,0.6522779181858018,,,,,,0.1,0.01,,,,,
svm,bis_quatro__C,bis_quatro,C,7,0.6464918472590222,,,,,,1.0,0.001,,,,,
svm,bis_quatro__C,bis_quatro,C,8,0.6238599324701091,,,,,,1.0,0.001,,,,,
svm,bis_quatro__C,bis_quatro,C,9,0.6289700189773781,,,,,,1.0,0.001,,,,,
svm,bis_quatro__C,bis_quatro,C,10,0.6703375647341164,,,,,,1.0,0.001,,,,,
svm,both_lateral__A,both_lateral,A,1,0.6651785714285714,,,,,,10.0,0.001,,,,,
svm,both_lateral__A,both_lateral,A,2,0.6902823389892355,,,,,,10.0,0.001,,,,,
svm,both_lateral__A,both_lateral,A,3,0.6865984581114501,,,,,,1.0,0.001,,,,,
svm,both_lateral__A,both_lateral,A,4,0.7083054186021076,,,,,,1.0,0.01,,,,,
svm,both_lateral__A,both_lateral,A,5,0.777527503987986,,,,,,1.0,0.01,,,,,
svm,both_lateral__A,both_lateral,A,6,0.7175735558291111,,,,,,0.1,0.01,,,,,
svm,both_lateral__A,both_lateral,A,7,0.7328192880224109,,,,,,1.0,0.001,,,,,
svm,both_lateral__A,both_lateral,A,8,0.6680965166036654,,,,,,0.1,0.01,,,,,
svm,both_lateral__A,both_lateral,A,9,0.7057723692763642,,,,,,10.0,0.001,,,,,
svm,both_lateral__A,both_lateral,A,10,0.7114950423140078,,,,,,10.0,0.001,,,,,
svm,both_lateral__B,both_lateral,B,1,0.5,,,,,,0.1,scale,,,,,
svm,both_lateral__B,both_lateral,B,2,0.47934911512497724,,,,,,1.0,scale,,,,,
svm,both_lateral__B,both_lateral,B,3,0.5099011151020247,,,,,,1.0,0.01,,,,,
svm,both_lateral__B,both_lateral,B,4,0.5,,,,,,0.1,scale,,,,,
svm,both_lateral__B,both_lateral,B,5,0.5144052235883607,,,,,,1.0,0.001,,,,,
svm,both_lateral__B,both_lateral,B,6,0.5405938085448178,,,,,,10.0,0.001,,,,,
svm,both_lateral__B,both_lateral,B,7,0.5,,,,,,0.1,scale,,,,,
svm,both_lateral__B,both_lateral,B,8,0.5,,,,,,0.1,scale,,,,,
svm,both_lateral__B,both_lateral,B,9,0.5054106515155716,,,,,,1.0,0.001,,,,,
svm,both_lateral__B,both_lateral,B,10,0.5,,,,,,0.1,scale,,,,,
svm,both_lateral__C,both_lateral,C,1,0.6438492063492063,,,,,,100.0,0.001,,,,,
svm,both_lateral__C,both_lateral,C,2,0.6455539591315453,,,,,,1.0,0.01,,,,,
svm,both_lateral__C,both_lateral,C,3,0.7029647464610502,,,,,,1.0,0.001,,,,,
svm,both_lateral__C,both_lateral,C,4,0.6428451909022159,,,,,,10.0,scale,,,,,
svm,both_lateral__C,both_lateral,C,5,0.7162180079907272,,,,,,1.0,scale,,,,,
svm,both_lateral__C,both_lateral,C,6,0.6738854644671673,,,,,,1.0,scale,,,,,
svm,both_lateral__C,both_lateral,C,7,0.6846391499143148,,,,,,1.0,0.001,,,,,
svm,both_lateral__C,both_lateral,C,8,0.6346755553809801,,,,,,1.0,0.001,,,,,
svm,both_lateral__C,both_lateral,C,9,0.6647398543424615,,,,,,1.0,0.001,,,,,
svm,both_lateral__C,both_lateral,C,10,0.6802174118984463,,,,,,1.0,0.001,,,,,
svm,left_lateral__A,left_lateral,A,1,0.7053571428571428,,,,,,100.0,0.001,,,,,
svm,left_lateral__A,left_lateral,A,2,0.7084188560481663,,,,,,100.0,0.01,,,,,
svm,left_lateral__A,left_lateral,A,3,0.7039708551469319,,,,,,1.0,0.01,,,,,
svm,left_lateral__A,left_lateral,A,4,0.7071615733333896,,,,,,100.0,0.01,,,,,
svm,left_lateral__A,left_lateral,A,5,0.7410550339731209,,,,,,1.0,0.01,,,,,
svm,left_lateral__A,left_lateral,A,6,0.700696473275985,,,,,,0.1,scale,,,,,
svm,left_lateral__A,left_lateral,A,7,0.7063576598139588,,,,,,10.0,scale,,,,,
svm,left_lateral__A,left_lateral,A,8,0.6467683388940748,,,,,,100.0,0.01,,,,,
svm,left_lateral__A,left_lateral,A,9,0.6638919760503024,,,,,,100.0,0.01,,,,,
svm,left_lateral__A,left_lateral,A,10,0.6898643741316155,,,,,,1.0,0.01,,,,,
svm,left_lateral__B,left_lateral,B,1,0.531415343915344,,,,,,1.0,0.01,,,,,
svm,left_lateral__B,left_lateral,B,2,0.5817198047801496,,,,,,1.0,0.01,,,,,
svm,left_lateral__B,left_lateral,B,3,0.5428254134542038,,,,,,1.0,scale,,,,,
svm,left_lateral__B,left_lateral,B,4,0.5288271125786618,,,,,,10.0,0.001,,,,,
svm,left_lateral__B,left_lateral,B,5,0.5468167735594476,,,,,,1.0,scale,,,,,
svm,left_lateral__B,left_lateral,B,6,0.5448617835824023,,,,,,10.0,0.001,,,,,
svm,left_lateral__B,left_lateral,B,7,0.5400343136014973,,,,,,100.0,0.01,,,,,
svm,left_lateral__B,left_lateral,B,8,0.538535861391202,,,,,,1.0,0.001,,,,,
svm,left_lateral__B,left_lateral,B,9,0.5526418143112845,,,,,,1.0,0.001,,,,,
svm,left_lateral__B,left_lateral,B,10,0.5,,,,,,0.1,scale,,,,,
svm,left_lateral__C,left_lateral,C,1,0.7093253968253969,,,,,,1.0,0.01,,,,,
svm,left_lateral__C,left_lateral,C,2,0.7219314449917899,,,,,,1.0,0.01,,,,,
svm,left_lateral__C,left_lateral,C,3,0.7214981225842851,,,,,,1.0,0.01,,,,,
svm,left_lateral__C,left_lateral,C,4,0.720427467486584,,,,,,10.0,0.001,,,,,
svm,left_lateral__C,left_lateral,C,5,0.7905713391623157,,,,,,10.0,0.001,,,,,
svm,left_lateral__C,left_lateral,C,6,0.7038147551501874,,,,,,10.0,0.001,,,,,
svm,left_lateral__C,left_lateral,C,7,0.7153372155156605,,,,,,1.0,0.01,,,,,
svm,left_lateral__C,left_lateral,C,8,0.6671117377856234,,,,,,1.0,0.01,,,,,
svm,left_lateral__C,left_lateral,C,9,0.6715170080130131,,,,,,1.0,0.01,,,,,
svm,left_lateral__C,left_lateral,C,10,0.6911985284830112,,,,,,0.1,scale,,,,,
svm,right_lateral__A,right_lateral,A,1,0.6357473544973544,,,,,,1.0,0.001,,,,,
svm,right_lateral__A,right_lateral,A,2,0.6683486133917169,,,,,,1.0,0.001,,,,,
svm,right_lateral__A,right_lateral,A,3,0.7367035489504061,,,,,,1.0,0.01,,,,,
svm,right_lateral__A,right_lateral,A,4,0.7219086023394156,,,,,,1.0,0.01,,,,,
svm,right_lateral__A,right_lateral,A,5,0.7580289251654508,,,,,,1.0,0.01,,,,,
svm,right_lateral__A,right_lateral,A,6,0.7141301412582011,,,,,,0.1,scale,,,,,
svm,right_lateral__A,right_lateral,A,7,0.7439968982591045,,,,,,1.0,0.01,,,,,
svm,right_lateral__A,right_lateral,A,8,0.668686864019076,,,,,,1.0,0.01,,,,,
svm,right_lateral__A,right_lateral,A,9,0.7160730267069628,,,,,,1.0,0.01,,,,,
svm,right_lateral__A,right_lateral,A,10,0.7070347038019452,,,,,,0.1,scale,,,,,
svm,right_lateral__B,right_lateral,B,1,0.5,,,,,,0.1,scale,,,,,
svm,right_lateral__B,right_lateral,B,2,0.45634920634920634,,,,,,0.1,scale,,,,,
svm,right_lateral__B,right_lateral,B,3,0.5,,,,,,0.1,scale,,,,,
svm,right_lateral__B,right_lateral,B,4,0.5,,,,,,0.1,scale,,,,,
svm,right_lateral__B,right_lateral,B,5,0.5,,,,,,0.1,0.01,,,,,
svm,right_lateral__B,right_lateral,B,6,0.5,,,,,,0.1,scale,,,,,
svm,right_lateral__B,right_lateral,B,7,0.5,,,,,,0.1,scale,,,,,
svm,right_lateral__B,right_lateral,B,8,0.5,,,,,,0.1,scale,,,,,
svm,right_lateral__B,right_lateral,B,9,0.5,,,,,,0.1,scale,,,,,
svm,right_lateral__B,right_lateral,B,10,0.5151256789187824,,,,,,1.0,0.001,,,,,
svm,right_lateral__C,right_lateral,C,1,0.6096230158730159,,,,,,1.0,0.001,,,,,
svm,right_lateral__C,right_lateral,C,2,0.6212027914614121,,,,,,1.0,0.001,,,,,
svm,right_lateral__C,right_lateral,C,3,0.6933451793088927,,,,,,1.0,0.001,,,,,
svm,right_lateral__C,right_lateral,C,4,0.6657355705870601,,,,,,10.0,0.001,,,,,
svm,right_lateral__C,right_lateral,C,5,0.65161486646951,,,,,,1.0,0.01,,,,,
svm,right_lateral__C,right_lateral,C,6,0.6745754940804961,,,,,,0.1,0.01,,,,,
svm,right_lateral__C,right_lateral,C,7,0.676292550130583,,,,,,0.1,0.01,,,,,
svm,right_lateral__C,right_lateral,C,8,0.6156493667532356,,,,,,1.0,0.001,,,,,
svm,right_lateral__C,right_lateral,C,9,0.6322892309540753,,,,,,100.0,0.001,,,,,
svm,right_lateral__C,right_lateral,C,10,0.6841448781103954,,,,,,1.0,0.001,,,,,
xgb,bis_quatro__A,bis_quatro,A,1,0.5616732804232805,,,,,,,,1.0,0.1,6.0,400.0,1.0
xgb,bis_quatro__A,bis_quatro,A,2,0.6171490147783252,,,,,,,,1.0,0.05,3.0,200.0,1.0
xgb,bis_quatro__A,bis_quatro,A,3,0.5999840826016072,,,,,,,,1.0,0.1,3.0,400.0,1.0
xgb,bis_quatro__A,bis_quatro,A,4,0.6597776637767674,,,,,,,,1.0,0.1,3.0,400.0,1.0
xgb,bis_quatro__A,bis_quatro,A,5,0.6648724169432084,,,,,,,,1.0,0.05,6.0,200.0,1.0
xgb,bis_quatro__A,bis_quatro,A,6,0.6120371131548149,,,,,,,,1.0,0.05,6.0,200.0,1.0
xgb,bis_quatro__A,bis_quatro,A,7,0.6145669972871624,,,,,,,,1.0,0.1,3.0,200.0,1.0
xgb,bis_quatro__A,bis_quatro,A,8,0.6304505086307021,,,,,,,,1.0,0.05,6.0,400.0,1.0
xgb,bis_quatro__A,bis_quatro,A,9,0.6328196964235652,,,,,,,,1.0,0.1,3.0,400.0,1.0
xgb,bis_quatro__A,bis_quatro,A,10,0.6751097322218012,,,,,,,,1.0,0.05,3.0,400.0,1.0
xgb,bis_quatro__B,bis_quatro,B,1,0.5522486772486772,,,,,,,,1.0,0.1,6.0,200.0,1.0
xgb,bis_quatro__B,bis_quatro,B,2,0.5464217296113848,,,,,,,,1.0,0.1,3.0,400.0,1.0
xgb,bis_quatro__B,bis_quatro,B,3,0.49621385049625283,,,,,,,,1.0,0.1,3.0,400.0,1.0
xgb,bis_quatro__B,bis_quatro,B,4,0.5516552586610907,,,,,,,,1.0,0.05,6.0,200.0,1.0
xgb,bis_quatro__B,bis_quatro,B,5,0.5549439199344028,,,,,,,,1.0,0.1,6.0,400.0,1.0
xgb,bis_quatro__B,bis_quatro,B,6,0.5444680131433153,,,,,,,,1.0,0.05,6.0,400.0,1.0
xgb,bis_quatro__B,bis_quatro,B,7,0.5260667965118853,,,,,,,,1.0,0.1,3.0,400.0,1.0
xgb,bis_quatro__B,bis_quatro,B,8,0.5754276649198853,,,,,,,,1.0,0.1,3.0,200.0,1.0
xgb,bis_quatro__B,bis_quatro,B,9,0.5221026958043358,,,,,,,,1.0,0.05,6.0,400.0,1.0
xgb,bis_quatro__B,bis_quatro,B,10,0.5079930845017052,,,,,,,,1.0,0.05,3.0,400.0,1.0
xgb,bis_quatro__C,bis_quatro,C,1,0.6187169312169312,,,,,,,,1.0,0.1,3.0,400.0,1.0
xgb,bis_quatro__C,bis_quatro,C,2,0.6295384054004743,,,,,,,,1.0,0.05,3.0,200.0,1.0
xgb,bis_quatro__C,bis_quatro,C,3,0.6063951975888698,,,,,,,,1.0,0.1,3.0,400.0,1.0
xgb,bis_quatro__C,bis_quatro,C,4,0.6412633170979969,,,,,,,,1.0,0.05,6.0,400.0,1.0
xgb,bis_quatro__C,bis_quatro,C,5,0.6578997650068541,,,,,,,,1.0,0.1,6.0,400.0,1.0
xgb,bis_quatro__C,bis_quatro,C,6,0.622876292040727,,,,,,,,1.0,0.1,3.0,200.0,1.0
xgb,bis_quatro__C,bis_quatro,C,7,0.6288997040540797,,,,,,,,1.0,0.1,3.0,400.0,1.0
xgb,bis_quatro__C,bis_quatro,C,8,0.6173065177743479,,,,,,,,1.0,0.05,6.0,200.0,1.0
xgb,bis_quatro__C,bis_quatro,C,9,0.6129747040175972,,,,,,,,1.0,0.1,3.0,400.0,1.0
xgb,bis_quatro__C,bis_quatro,C,10,0.6545487558418593,,,,,,,,1.0,0.1,3.0,400.0,1.0
xgb,both_lateral__A,both_lateral,A,1,0.6795634920634921,,,,,,,,1.0,0.1,6.0,200.0,1.0
xgb,both_lateral__A,both_lateral,A,2,0.7067768199233717,,,,,,,,1.0,0.05,6.0,200.0,1.0
xgb,both_lateral__A,both_lateral,A,3,0.6880491385341216,,,,,,,,1.0,0.05,3.0,200.0,1.0
xgb,both_lateral__A,both_lateral,A,4,0.6950436962886611,,,,,,,,1.0,0.05,3.0,200.0,1.0
xgb,both_lateral__A,both_lateral,A,5,0.7725899925849574,,,,,,,,1.0,0.1,6.0,200.0,1.0
xgb,both_lateral__A,both_lateral,A,6,0.687717967648305,,,,,,,,1.0,0.1,6.0,200.0,1.0
xgb,both_lateral__A,both_lateral,A,7,0.7137644099736306,,,,,,,,1.0,0.1,6.0,200.0,1.0
xgb,both_lateral__A,both_lateral,A,8,0.6828075467425763,,,,,,,,1.0,0.05,3.0,200.0,1.0
xgb,both_lateral__A,both_lateral,A,9,0.6680651315323308,,,,,,,,1.0,0.1,3.0,400.0,1.0
xgb,both_lateral__A,both_lateral,A,10,0.7062334217506632,,,,,,,,1.0,0.1,6.0,200.0,1.0
xgb,both_lateral__B,both_lateral,B,1,0.4528769841269842,,,,,,,,1.0,0.05,3.0,400.0,1.0
xgb,both_lateral__B,both_lateral,B,2,0.5087689290275497,,,,,,,,1.0,0.1,3.0,200.0,1.0
xgb,both_lateral__B,both_lateral,B,3,0.5433821491280767,,,,,,,,1.0,0.1,6.0,200.0,1.0
xgb,both_lateral__B,both_lateral,B,4,0.4851743720693192,,,,,,,,1.0,0.1,6.0,400.0,1.0
xgb,both_lateral__B,both_lateral,B,5,0.5465178649010152,,,,,,,,1.0,0.05,3.0,200.0,1.0
xgb,both_lateral__B,both_lateral,B,6,0.489450924994947,,,,,,,,1.0,0.05,3.0,400.0,1.0
xgb,both_lateral__B,both_lateral,B,7,0.5023683973390162,,,,,,,,1.0,0.05,3.0,400.0,1.0
xgb,both_lateral__B,both_lateral,B,8,0.5749366714726261,,,,,,,,1.0,0.05,6.0,400.0,1.0
xgb,both_lateral__B,both_lateral,B,9,0.5129982331937757,,,,,,,,1.0,0.05,3.0,400.0,1.0
xgb,both_lateral__B,both_lateral,B,10,0.5240897751673614,,,,,,,,1.0,0.05,6.0,200.0,1.0
xgb,both_lateral__C,both_lateral,C,1,0.6496362433862434,,,,,,,,1.0,0.1,6.0,400.0,1.0
xgb,both_lateral__C,both_lateral,C,2,0.717854862251414,,,,,,,,1.0,0.05,6.0,400.0,1.0
xgb,both_lateral__C,both_lateral,C,3,0.7185827897352952,,,,,,,,1.0,0.1,6.0,400.0,1.0
xgb,both_lateral__C,both_lateral,C,4,0.6975439018066614,,,,,,,,1.0,0.05,3.0,400.0,1.0
xgb,both_lateral__C,both_lateral,C,5,0.7746554704441695,,,,,,,,1.0,0.1,3.0,200.0,1.0
xgb,both_lateral__C,both_lateral,C,6,0.6940594641448963,,,,,,,,1.0,0.1,6.0,200.0,1.0
xgb,both_lateral__C,both_lateral,C,7,0.7176129321411181,,,,,,,,1.0,0.1,6.0,200.0,1.0
xgb,both_lateral__C,both_lateral,C,8,0.6745848505993587,,,,,,,,1.0,0.1,6.0,400.0,1.0
xgb,both_lateral__C,both_lateral,C,9,0.6426010560787684,,,,,,,,1.0,0.1,3.0,200.0,1.0
xgb,both_lateral__C,both_lateral,C,10,0.7198591638246811,,,,,,,,1.0,0.1,6.0,200.0,1.0
xgb,left_lateral__A,left_lateral,A,1,0.7007275132275131,,,,,,,,1.0,0.1,6.0,400.0,1.0
xgb,left_lateral__A,left_lateral,A,2,0.718692984856778,,,,,,,,1.0,0.1,3.0,200.0,1.0
xgb,left_lateral__A,left_lateral,A,3,0.696376708873389,,,,,,,,1.0,0.05,6.0,200.0,1.0
xgb,left_lateral__A,left_lateral,A,4,0.7386875588302595,,,,,,,,1.0,0.1,6.0,400.0,1.0
xgb,left_lateral__A,left_lateral,A,5,0.7568229633985909,,,,,,,,1.0,0.05,3.0,200.0,1.0
xgb,left_lateral__A,left_lateral,A,6,0.7059663851597033,,,,,,,,1.0,0.1,3.0,200.0,1.0
xgb,left_lateral__A,left_lateral,A,7,0.6809006984450192,,,,,,,,1.0,0.1,6.0,200.0,1.0
xgb,left_lateral__A,left_lateral,A,8,0.7144772980033703,,,,,,,,1.0,0.1,6.0,200.0,1.0
xgb,left_lateral__A,left_lateral,A,9,0.6695241522564903,,,,,,,,1.0,0.1,6.0,400.0,1.0
xgb,left_lateral__A,left_lateral,A,10,0.7093596059113301,,,,,,,,1.0,0.1,3.0,400.0,1.0
xgb,left_lateral__B,left_lateral,B,1,0.5119047619047619,,,,,,,,1.0,0.05,3.0,400.0,1.0
xgb,left_lateral__B,left_lateral,B,2,0.5322591680350302,,,,,,,,1.0,0.05,6.0,200.0,1.0
xgb,left_lateral__B,left_lateral,B,3,0.5596983827197186,,,,,,,,1.0,0.1,6.0,400.0,1.0
xgb,left_lateral__B,left_lateral,B,4,0.5353552293733118,,,,,,,,1.0,0.05,3.0,200.0,1.0
xgb,left_lateral__B,left_lateral,B,5,0.5267411414715651,,,,,,,,1.0,0.05,6.0,400.0,1.0
xgb,left_lateral__B,left_lateral,B,6,0.5011383999199943,,,,,,,,1.0,0.05,3.0,200.0,1.0
xgb,left_lateral__B,left_lateral,B,7,0.5619030097320679,,,,,,,,1.0,0.05,3.0,400.0,1.0
xgb,left_lateral__B,left_lateral,B,8,0.5668464472869436,,,,,,,,1.0,0.1,3.0,200.0,1.0
xgb,left_lateral__B,left_lateral,B,9,0.5354425064002439,,,,,,,,1.0,0.1,6.0,400.0,1.0
xgb,left_lateral__B,left_lateral,B,10,0.5057747568523431,,,,,,,,1.0,0.1,6.0,400.0,1.0
xgb,left_lateral__C,left_lateral,C,1,0.6765873015873016,,,,,,,,1.0,0.05,3.0,200.0,1.0
xgb,left_lateral__C,left_lateral,C,2,0.7132366356504287,,,,,,,,1.0,0.1,3.0,200.0,1.0
xgb,left_lateral__C,left_lateral,C,3,0.739305152131333,,,,,,,,1.0,0.05,3.0,200.0,1.0
xgb,left_lateral__C,left_lateral,C,4,0.7411329083150826,,,,,,,,1.0,0.05,6.0,200.0,1.0
xgb,left_lateral__C,left_lateral,C,5,0.7923937524635811,,,,,,,,1.0,0.05,6.0,200.0,1.0
xgb,left_lateral__C,left_lateral,C,6,0.6969510614214257,,,,,,,,1.0,0.1,6.0,200.0,1.0
xgb,left_lateral__C,left_lateral,C,7,0.7104273114451394,,,,,,,,1.0,0.05,6.0,200.0,1.0
xgb,left_lateral__C,left_lateral,C,8,0.6980718591052906,,,,,,,,1.0,0.05,3.0,200.0,1.0
xgb,left_lateral__C,left_lateral,C,9,0.6559928542161511,,,,,,,,1.0,0.1,3.0,400.0,1.0
xgb,left_lateral__C,left_lateral,C,10,0.7531656561828975,,,,,,,,1.0,0.05,6.0,200.0,1.0
xgb,right_lateral__A,right_lateral,A,1,0.5863095238095238,,,,,,,,1.0,0.05,6.0,400.0,1.0
xgb,right_lateral__A,right_lateral,A,2,0.6348579182630907,,,,,,,,1.0,0.1,3.0,200.0,1.0
xgb,right_lateral__A,right_lateral,A,3,0.6817780729390994,,,,,,,,1.0,0.1,3.0,400.0,1.0
xgb,right_lateral__A,right_lateral,A,4,0.7048219470506001,,,,,,,,1.0,0.05,3.0,200.0,1.0
xgb,right_lateral__A,right_lateral,A,5,0.7110193101434082,,,,,,,,1.0,0.05,3.0,400.0,1.0
xgb,right_lateral__A,right_lateral,A,6,0.6435950315232994,,,,,,,,1.0,0.1,6.0,400.0,1.0
xgb,right_lateral__A,right_lateral,A,7,0.6716923063546166,,,,,,,,1.0,0.1,6.0,400.0,1.0
xgb,right_lateral__A,right_lateral,A,8,0.6183591692159817,,,,,,,,1.0,0.1,3.0,400.0,1.0
xgb,right_lateral__A,right_lateral,A,9,0.6626399427597914,,,,,,,,1.0,0.1,3.0,400.0,1.0
xgb,right_lateral__A,right_lateral,A,10,0.6641838764683592,,,,,,,,1.0,0.1,6.0,400.0,1.0
xgb,right_lateral__B,right_lateral,B,1,0.42741402116402116,,,,,,,,1.0,0.05,6.0,200.0,1.0
xgb,right_lateral__B,right_lateral,B,2,0.4771768381682175,,,,,,,,1.0,0.05,3.0,200.0,1.0
xgb,right_lateral__B,right_lateral,B,3,0.4480112649627058,,,,,,,,1.0,0.1,3.0,400.0,1.0
xgb,right_lateral__B,right_lateral,B,4,0.4424798080028592,,,,,,,,1.0,0.05,3.0,200.0,1.0
xgb,right_lateral__B,right_lateral,B,5,0.45889182557131075,,,,,,,,1.0,0.1,6.0,200.0,1.0
xgb,right_lateral__B,right_lateral,B,6,0.4539051303733589,,,,,,,,1.0,0.1,3.0,200.0,1.0
xgb,right_lateral__B,right_lateral,B,7,0.43669195855492393,,,,,,,,1.0,0.1,3.0,200.0,1.0
xgb,right_lateral__B,right_lateral,B,8,0.4516249187453981,,,,,,,,1.0,0.1,3.0,400.0,1.0
xgb,right_lateral__B,right_lateral,B,9,0.42305439514228405,,,,,,,,1.0,0.05,6.0,200.0,1.0
xgb,right_lateral__B,right_lateral,B,10,0.48062713148920044,,,,,,,,1.0,0.1,6.0,200.0,1.0
xgb,right_lateral__C,right_lateral,C,1,0.5778769841269842,,,,,,,,1.0,0.05,3.0,400.0,1.0
xgb,right_lateral__C,right_lateral,C,2,0.64165982484948,,,,,,,,1.0,0.1,3.0,200.0,1.0
xgb,right_lateral__C,right_lateral,C,3,0.6563987736606258,,,,,,,,1.0,0.1,6.0,400.0,1.0
xgb,right_lateral__C,right_lateral,C,4,0.7038124789358688,,,,,,,,1.0,0.05,3.0,400.0,1.0
xgb,right_lateral__C,right_lateral,C,5,0.7043536104652811,,,,,,,,1.0,0.05,3.0,400.0,1.0
xgb,right_lateral__C,right_lateral,C,6,0.6516065593850995,,,,,,,,1.0,0.1,6.0,400.0,1.0
xgb,right_lateral__C,right_lateral,C,7,0.6912833097251116,,,,,,,,1.0,0.05,3.0,400.0,1.0
xgb,right_lateral__C,right_lateral,C,8,0.6330111838679964,,,,,,,,1.0,0.1,3.0,400.0,1.0
xgb,right_lateral__C,right_lateral,C,9,0.6374885627408756,,,,,,,,1.0,0.1,6.0,400.0,1.0
xgb,right_lateral__C,right_lateral,C,10,0.6631576038903625,,,,,,,,1.0,0.05,3.0,200.0,1.0
